{"cameraMode":{"drawMode":0,"name":"Shaded","section":"Shading Mode"},"sceneLighting":false,"audioPlay":false,"sceneViewState":{"m_AlwaysRefresh":false,"showFog":true,"showSkybox":false,"showFlares":true,"showImageEffects":true,"showParticleSystems":true,"showVisualEffectGraphs":true,"m_FxEnabled":true},"in2DMode":false,"pivot":{"x":0.0008271932601928711,"y":0.26318347454071047,"z":0.014766454696655274},"rotation":{"x":0.15109078586101533,"y":-0.37916770577430727,"z":0.06289824098348618,"w":0.9107474684715271},"size":0.6969842314720154,"orthographic":false}